subreddit,title,selftext,comments,score,created_utc
Home,Are metal roofs actually worse than Asphalt (Northeast)?,"Photo unrelated. My 23 year old asphalt roof finally sprung a leak. Got a local roofer here to fix it. Seems reputable, about 180 5-star reviews on Google (and nothing less than 5 stars). He didn't even bother to try to sell me a new roof but I asked about one as he was leaving. 

He does both metal and asphalt but says asphalt is better for most people. Metal isn't worth the extra cost. It doesn't require yearly maintenance like metal he says. Something about screws or bolts shifting, where as asphalt has the nails under the shingles. Says only go metal if you like the look. Which I do prefer the metal look much more. But I also don't want more maintenance.

He uses shingles that have a 50 year warranty and he warranties his work itself for 20 years.

Does all this seem true and reasonable?


Also, I haven't had him out to give me a quote yet but what are you all seeing for roof price lately on a 2700SF two story home with a 32x40 detached garage?","Well, a metal roof done well by craftsman, alike a copper roof, doesn't have screws. And lasts a century or so. But likely not what he delivers. 

Personally, as roofs come, I look for a craftsman based on the style of a house. If you have a simple house asphalt will do fine. || I love our metal roof. When we bought the house there was a LOT that needed to be updated. The previous owners cheaped out on everything. The roof is the one thing we‚Äôve never had to worry about.

We have a giant mature pine tree next to us though that drops pinecones year-round and I don‚Äôt think a shingle roof could survive it. I think the best roof type for you depends on the type of weather and debris you‚Äôll be dealing with on a regular basis though to decide if it‚Äôs worth it.

Edit: Also, I inspect our roof twice a year after major storms and I‚Äôve never had to do maintenance on it. So, I‚Äôm not sure what he‚Äôs talking about with yearly maintenance. || 50 year shingles?? Has he discovered some sort of alien technology or something? 

Metal is always better, but much more expensive. || A few years ago I visited a church in WI that was built in the 1880‚Äôs and still has the original metal roof || As I understand it metal roofs can last anywhere between 50-100 years whereas asphalt singles can last 20-30 years.  If you can afford a metal roof it's likely it will be up to your heirs or your heir heirs to get it replaced.",15,1761944068.0
Home,Is this serious?,"Toured a house today and found this in the basement, I am not a structural engineer but it seems that the cracks allow underground water comes with the dirt so that the walls underneath the window looks muddy, I feel like I need to avoid this house. The crack is not wide but spreading from the window to the floor like a staircase.","From this picture alone, no. Stopping the water from the outside is always the cheap and easy part, and it doesn't look like there's serious damage done here (yet).

Would look into this further but this would not scare me. || Looks more like when it rains the water runs through the bottom of the window || The first thing I would do is have block windows installed.  That should stop a lot of it. || I have an unfinished basement. I have three window wells. Two on one side one on the other.   Been here twenty years and one winter has a lot of snow build up in the side yard with the two windows. Come spring, the melt was so fast that the well filled with water and came in through the window and I had about 2‚Äù of water everywhere in the cellar.  After I pumped it out and the snow was gone I regraded the side yard, sodded it and have never had the issue since. Check the grading in that side yard and rectify it. || No, only a seasonal creek not a river",8,1761949053.0
Home,Can someone determine where my filter is located? Deleted other post. More pics attached,,"In the middle of the 3rd picture. Slide the metal trim. Between the cold air return and the furnace || Are you certain there are no square filters in a grill upstairs? || Behind the cpvc, there looks to be a place for the filter. Why it would by there is have no clue. There is a metal piece that looks like it will slide out. I am talking on the bottom where the mixing box is. Check directly above that as well. || I found an old video of one of these getting worked on. Think it might be in one of those skinny metal box looking things. Going to try unscrewing those! || could be possible to be in the very base of the furnace, remove the panel with the stickers and take a peek. Have seen it before, not convenient but might be there.",9,1761938103.0
Home,What are these cups on my ceiling?,"Just moved into new apartment, first one is in my bathroom, and looks like mold. The other 2 are in my living room, they are all slightly raised off the wall. What purpose does it serve, and should I get them cleaned out? ","They're your sprinklers, I would leave them alone. || I do believe they‚Äôre fire sprinklers. They don‚Äôt look like the kind you might think of because these are protected from being accidentally hit and activated || Thank you to everyone for the comments. || There are sprinkler heads underneath those. If they get hot enough the cap falls off and the head will disperse water.¬† || Others have noted these are sprinkler covers. And I don't think that's mold, it looks more like cobwebs.  Could even just be dirt or dust that's accumulated, there may be an open airspace above where the piping runs for the sprinkler.",12,1761936558.0
Home,Anyone know how to close this skylight?,Someone keeps opening the skylight in our building and I have no idea how to close it. All the rain comes in and soaks the stairs and bannisters. I've given it a pull but its pretty stiff. ,If opening is the problem construction adhesive. Otherwise a roofer and drywall person to close it up.,2,1761963526.0
Home,Basement Window Question,"Hey all! We currently have double slider lift and remove windows in the basement. Problem is, when the rain hits from a certain angle, it leaks in between the window sections and into the house. 

We‚Äôre looking to replace the windows as window well covers have to be custom sized and are almost just as expensive as a new window. 

My question is, will all sliders leak in time? One company said yes, one said only because ours were currently builder grade. 

Our window wells are 22 deep. Window is approximately 33 high and about 42 wide. Pictures are from before we cleaned the entire windows and tracks 

Both companies that quoted us said casement won‚Äôt work because the window well isn‚Äôt deep enough to allow for opening. 

We‚Äôd love to hear your thoughts! TIA! ",,1,1761971271.0
Home,Need Opinion - Adding a new bedroom inside garage,,"Maybe changing the walls, ordering everything and putting a nice ceiling would be a good option. I could help you if you like.",1,1761969229.0
Home,9 pane window decal ideas,,,1,1761966450.0
Home,Best Way to Fix Wayward Mollys,"These were the anchors for one side of a towel rack. What is the best method to repair this , and once it‚Äôs repaired, will I be able to use the same location to put the towel rack back up? If I have to move it I will then have to repair the holes from the mollys holding the other side of the towel rack, which I‚Äôd like to avoid, as it will then be 4 holes to repair instead of 2. ","Toggles every time. I preemptively do this on anything from the get go that gets that much use. || Replace with toggle bolts. || The easiest and quickest way is to replace the plastic anchors and switch to toggle bolts/ lag bolts. That way you can use the same location and you really wouldn‚Äôt have to worry about them coming out again. || Toggle bolts are great for this application, the only downside is that they are not reusable - the toggle (wings) fall inside the wall cavity when you remove the bolt.  

Since I always remove towel bars, toilet paper holders, switch plates, etc before painting, you need new toggle bolts each time that you paint.",1,1761964704.0
Home,Should I be concern about this or is there a way to fix it?,Gas went out for the day and had to reset water heater.  Despite not being able to see if it's lit up or not I tried resetting it a few times today and still no luck. Think I am in due for a new one not sure how long we had this one,"These burner assemblies/ gas control valves fail all the time.  Honeywell?  You should be able to find and order it based off the model number of your HWH.  Depending on your install, plan to replace the flex line and the two NPT to flare fittings that connect the pipe to the HWH, it's a good practice but not strictly required.",1,1761963205.0
AskReddit,What's the biggest lie people say during sex?,,"Biggest I've ever had || Just the tip || No I don't mind your star wars bedsheets I think they're kind of sexy. || This has never happened before.... || ""This handjob feels great""

Meanwhile, she's tugging at your dick like she's trying to force open a locked door.",2728,1761940519.0
AskReddit,"You're given a choice between a guaranteed $500,000 for yourself, or giving a stranger $10,000,000, who will be given an option to share a half with you. The stranger knows you helped them, but is free to refuse to share. What do you choose and why?",,"I'm at a low enough point in my life where I would rather have a guaranteed $500k than a possible chance at $5M. || The 500K.

This is a classic behavioral study in economics where based on the social setting influences the chances they‚Äôll return half back. Usually your odds of return on half the 10M are low. || I would choose $500,000 to myself.  I barely trust the people I love and know, let alone some stranger off the street.  I simply lack the faith in humanity on this one. || OP, if you got the ¬£10m. What would you do? || 500k. I don't trust people",2026,1761941080.0
AskReddit,What will someday be illegal after we finally understand how bad for us it is?,,"Corporate campaign contributions. || Kids using social media || Ads for medicine on tv. People be like yeah that kinda sounds like me especially older people, and maybe people with disabilities. Then they want to go get on a medication they don‚Äôt actually need || Non anesthetized gynecological procedures. If they were cutting out tissue of a man's penis, I guarantee they at least get a local. || AI image generation.

  
there's a fake circulating now of Neil Degrasse Tyson admitting that Earth is actually flat & people are treating it as gospel...",654,1761957133.0
AskReddit,What kink did you discover you were NOT into the hard way?,,"I got tied up. Didn't care for it but my girlfriend loved it. Her mom stopped by unexpectedly. Like a bad sitcom without the laugh track || My ex wife liked to be told how much better my previous partners were.
Thing is we lost our virginity to each other and she knew it.
So mid sexy time im making up stories and names and places. 
It wasnt as bad as some here, mostly neutral for me. But warn a guy before asking him how he met a fictional woman while fucking. || Ball slapping. She said she wanted to take control. Didn't think she meant it to THAT level. I tried to power through it but it got to be way too much. || Dudes randomly trying to choke me without asking or inquiring if I was even into that. Multiple times.¬†

I did learn in a rage I‚Äôm capable of Sparta kicking men off of me though.¬† || She peed all over me. I was lying down (in MY bed, mind you) she was squatting over my face while I was eating her pussy, she got very excited and then she stood up over my head. I was like ""huh? Did something happen?""

And then she let it go. Like, a lot.

I thought at first it was an accident or something but she kept smiling and said if i really enjoyed it. 

I didn't. At all.",881,1761942609.0
AskReddit,What grammatical error annoys you the most?,,Balling when they mean bawling || Lose/loose. || Their there they're || Should of. || apostrophes used for plurals,818,1761939611.0
AskReddit,What‚Äôs a show everyone loves but you couldn‚Äôt get into?,,"Grey's Anatomy || Walking Dead || Sex and the City. I may have to turn in my woman card but there, I've said it. || I did not care for Bridgerton. || Big Bang Theory.  I hate it SO much.  I don't know how to explain it other than watching it hits me like watching a bad comedian smugly laugh at all their own jokes.",402,1761941728.0
AskReddit,"If you think we're in an AI bubble, what do you predict will happen when it pops?",,"Same thing that happens when a bubble pops. The market shrinks, the smaller players are bought up or go bankrupt, there are a ton of layoffs and the economy as a whole shrinks. || Same as always. I‚Äôve lived through the S&L scandal, the rise of the internet, the dot com craze, the tech bubble, the mortgage crisis and housing bubble, NFTs, crypto, VR metaverse,  and now AI. It‚Äôs always the same. 99% of people get fucked. 1% make mad money. Politicians will rush in to try and prevent it again and pass meaningless legislation, no one will learn a single lesson, we‚Äôll be back building the next bubble as soon as the dust settles. || Half of Reddit: ‚ÄúFinally.‚Äù

The other half: ‚ÄúChatGPT, explain what just happened.‚Äù || At the moment entire stock market is propped by major AI players like open AI Microsoft and Nvidia once this bubble bursts it will tank entire economy, massive layoffs et cetera || Dead internet will be much more obvious.",1593,1761910237.0
AskReddit,How would you react if a group of people formed a religion with their god being you?,,"... bout time. || *checks life of brian notes*

Die for their sins || The power would go to my head ngl. I would definitely use the followers for infinite headpats, treats, and snuggles. || Sex cult, time to build the orgy room || I am shutting that down IMMEDIATELY¬†",240,1761946542.0
AskReddit,Today we give out excess sugery snacks and tomorrow we take away nutritional assistance. What are some odd traditions your country follows?,,"Nobody wants this to be a tradition. Normally November is ended with a big meal after all. The current situation is a later of fucked that will hopefully never repeat. || Would buying halloween candy on clearance count? cuz i'm totally doing that tomorrow. || In Soviet Russia, sugary snacks give you away. || When people die, we have a tradition of eating and drinking at their grave on the day of the burial, and then again on the 9th and 40th days || Let them eat‚Ä¶candy?",159,1761954640.0
AskReddit,What is your age gap between your partner?,,"Me 25 My hand 25 || 2 hours lmao || My wife is one year older than I am. Not much of a gap || 14 years. I (53F) am older. We were friends for several years before we started dating very organically. Neither of us pursued the other, we were just really compatible and suddenly we were dating. We've been together 6 years and it's going great. || My husband was 15 yrs older than me. We were married 42 years",214,1761946812.0
NoStupidQuestions,How do people live in Hawaii?,"I was recently offered a job in Hawaii, it seemed like the perfect fit. Great schedule amazing benefits and WELL above average pay for my career. Then I started looking at places in Hawaii it‚Äôs all so ungodly expensive. Then I did research on food and utilities and it all seems like it‚Äôs it expensive as well. So how do normal everyday people survive? I work in a pretty high paying field and I feel like I would be paycheck to paycheck living there. 

","Are you sure it was well above average pay, or just regular pay for Hawaii? || You probably would be living paycheck to paycheck there. Not from HI but another island, and the only people living there are either 1) broke regardless of their field, 2) the ultra wealthy who don't actually need to work, 3) military families relying on government housing, benefits, etc.¬†


The upside is (if you like the culture and weather) it's nicer being very broke on an island than being only kinda broke somewhere else.¬† || A close friend of my wife lives there, in Pearl City, and she has a secret for making it affordable.

She lives with her mom, who bought the house in the 1960s, and she will inherit it when her mother dies. || It‚Äôs fairly common to have extended families living together, sometimes across several generations.    So you might have a handful of people working to provide for the entire family. || I lived there for 9 years and somehow survived making $41k when I first moved there in 2013. My salary was at $55k when I left in 2022. I was partnered with no kids for most of that time.

We had to live extremely frugally. We lived in a 400 sq ft. 1br apartment for $1100/mo, so my half of the rent was $550. We shared one used car, and my half of that car payment was $250. We cooked a bunch, shopped at Costco, and rarely ate out. I only saved enough money for a $10k rainy day fund, then everything extra I had went to paying off our student loans and retirement savings. I had a good union job that paid my health insurance, car insurance, and cell phone bill.

As for others I knew, they did one or all of the following: 1) lived in multigenerational or multi-family homes, 2) worked 2-3+ jobs, 3) lived extremely frugally, or 4) had some generational wealth passed down to them.

I left for another HCOL city because at least here I make 3x what I was making there. I never felt like I was living paycheck to paycheck, but I was also lucky that I never got hit with a major emergency.",4956,1761915262.0
NoStupidQuestions,"if youtubes infrastructure is so expensive that no one else can compete, how does pornhub afford to run its site?",,"By having far fewer videos.  In 2020 (the most recent date I could find data for), Porhhub had about 14 million videos, before removing most of them and ending up with less than 4 million. Youtube has BILLIONS of videos.  Youtube gets more additional videos each day than Pornhub has in total. || That's a bit old (2019) but:

> Every minute, on average, Pornhub has 80,032 visits from people who conduct 77,861 searches and view 219,985 videos. That's 11,082 hours of video watched per minute, transferring 12,550 gigabytes of data. Fourteen videos are uploaded every minute, adding up to about 2.8 hours of video time per minute. These numbers may seem paltry compared with the number of videos viewed per minute on YouTube (4.5 million) [...]

https://www.pcmag.com/news/pornhub-reveals-explicit-traffic-numbers || Fewer videos, more ads.  

PH only has about 5 million videos as of this time.  Before 2020 they had 14 million, and that was so expensive that they spun it into a good PR initiative to remove porn of questionable ethics by wiping over 2/3 of the site.  

(don't misunderstand - there was a lot of really shady stuff on there, reuploads of old webcam sites of clearly underage girls, etc... but a lot of it was perfectly legal stuff that they just couldn't afford to host)

Youtube has well into the billions of videos. || There was a youtube video about this exact thing 5-6 years ago. Its about why they have to use AI moderation - at the time youtube was getting 500 hours of video uploaded every 1 minute.

**82 years of content a day**

No other video hosting site is even close. || YouTube is bigger than Pornhub by several orders of magnitude. There are literally more than a thousand times as many videos on YouTube as there are on Pornhub.",1300,1761938804.0
NoStupidQuestions,What does ü§ß mean in Gen Z slang?,"I helped my friend write a formal email to his professor a while ago. After thanking me on chat, he sent the ü§ß emoji.
He‚Äôs completely fine ‚Äî no cold or fever or anything.
I was just curious what that emoji actually means in Gen Z slang?","-Real teenager here, it has the same meaning as these (ü•πü•∫üò≠) its mostly used to show self-pity/embarassment, grattitude and anxiety but in this context hes worried or mildly embarassed and is grateful for your help || in its gen z usage it doesn‚Äôt relate to actual sickness, it signifies crying/emotion (like when you get blubbery/sniffly from emotions and have to wipe your nose area), but it can have different meanings depending on the situation 

in most cases, i would say it often means something along the lines of ¬´i‚Äôm touched¬ª or ¬´you‚Äôre making me emotional¬ª

so per my interpretation your friend is probably using the emoji to convey that it means a lot that you helped him and he‚Äôs appreciative || I‚Äôm honestly not even sure how to explain it but just know it‚Äôs positive. || I think it just means they're emotional about you helping them, as in, it's a grand gesture on your part, and they're thankful. || He‚Äôs verklempt. Talk amongst yourselves.",851,1761937187.0
NoStupidQuestions,Why dont Garage Door Motors come with Carbon Monoxide detectors that will automatically open them,"Carbon Monoxide is lighter than air so youd want one up high, seems like just putting a CO monitor on the motor that if the reading got above a certain threshold would open the garage door to vent it would prevent any accidents for pretty cheap. Like for security reasons maybe make it pretty high to open the door and give it a chirper to let the user know about lower levels but idk this just seems like an obvious feature for a device meant to operate a door to an area that could be filled with CO by the main thing its meant to contain and yet Ive never seen a motor with it ","CO mixes pretty evenly with air, so ‚Äúup high‚Äù isn‚Äôt the key. Openers skip sensors because codes call for UL-listed CO alarms in the living space, garages see exhaust spikes that cause nuisance trips, and auto-opening creates security/liability headaches.   
  
Best move is a CO alarm by the house door and never idle a car inside. || Unethical life hack for thieves. 

A small canister of CO with a hose. 

Insert hose under garage door, open valve. 

Viola garage door opens. 


Or homeowners could just install an exhaust fan off a CO detector and not worry about their security being compromised. || You're not going to be able to design it to be safe enough to pick up a lethal amount and also ignore someone spraying some directly near it. || For the same reason you don't install CO detectors in your garage: you'll get a ton of false positives just from normal car usage.

There's all sorts of ways this could go as not expected. Imagine it's a super-still night, you pull into the garage, shut off the car, and go to close the door so your dog can hop out and run into the house... But the garage door then re-opens as your dog is on the ground and it bolts for outside. Simply because there's a bit of exhaust lingering in the air or inside the detector.

The edge cases are too much and would be nearly impossible to handle. || I have a CO alarm in my ~~car~~ garage, and sometimes it goes off. I don't think you could possibly tune something that puts security at risk in a way that matches every consumer's scenario.

If this is a real concern of yours, use ventilation instead.",2103,1761915686.0
NoStupidQuestions,How do people have energy after work for anything?,"I genuinely don‚Äôt understand how people finish a full workday, commute home and then somehow have energy for hobbies, socializing, cooking, cleaning or anything else that isn‚Äôt sitting completely still. I work 8 hours a day. Commute about 2 hours total. By the time I get home I feel like I‚Äôve been hit by a truck. I stare at the wall for a bit maybe eat something and then I‚Äôm done. Day over. Meanwhile other people are out at the gym, going to trivia night, joining clubs, learning languages, building furniture or starting side businesses. How? Where is this energy coming from? Last night after my shift I tried to unwind with a game of fortnite and I could barely focus enough to hit the ball. I‚Äôm exhausted before I even get to the fun part of the day.

Is this just adulthood? Am I doing something wrong? Or is everyone else secretly running on fumes too but pretending they‚Äôve got it together?","It's kind of a positive feedback loop. If you don't do anything after work, you feel like you can't do things after work. If you do things after work, you have more energy to do things after work. || I wonder the same thing. By the time I come home from work it's 6 PM and I've been on my feet for nine hours straight, all I can do at that point is lie on the couch and stare at the ceiling. 

On weekends I just sleep. Can't sacrifice my two mornings without waking to an alarm for anything scheduled or I'll genuinely feel like I'm dying. || 100% my life, before the adhd meds. Total game changer. || Exercise MAKES you feel better. Further sitting around makes you more tired. Try it. || I sit at a computer all day. I'm not using up a lot of energy.

Do you do physical labor?",616,1761938801.0
NoStupidQuestions,Why do people let their dogs bark for hours and not do anything?,"Every night I hear my neighbor‚Äôs dog bark nonstop. It goes on for hours and they never seem to care.
I love dogs but I feel bad for it because it must be lonely. 
Why would someone keep an animal if they do not want to give it attention","They become ear blind to it like people living near a railroad track. || My neighbors who were like this, I'm convinced they literally didn't care.  We knocked a couple times to ask them about it and they said they couldn't even hear it barking and we must be crazy.  The dog was barking _during this conversation_.  Then afterward they'd just go back inside, and not check on the dog at all. || I wanna UGHH!!! my neighbors for that same exact reason. Inconsiderate morons who cant realize some people might not like barking German shepherds throughout the night right up against my window.... || It‚Äôs animal abuse.  Dogs are not solitary creatures || They aren't home, can't hear or are assholes. I think that covers it",119,1761962555.0
NoStupidQuestions,How do you pass homeless people on the street?,"I tend to give them a cigarette as I don't really carry cash but I feel pretty bad if I don't give them anything. Today one said "" thank you for leading me closer to my death"". I now know I must change my method of tackling the situation.","I walk past and leave them alone. || I treat them the same as any other human being, by ignoring their existence || I nod and maybe say hi.   If they want something, ""nope, sorry."" || water > cig. hydration never said that kinda stuff haha || I just keep moving.",157,1761950704.0
NoStupidQuestions,How come it's not possible to eat just the right amount at the right times so that you never have to take a shit?,,"Poop isn't just food.  It's dead blood cells and other byproducts of human chemistry. || Pretty much anything you eat will be a mixture of stuff your body wants and stuff it doesn't. Which means there's always gonna be something that makes its way to your colon. || I will never unfollow this sub lololol wtf || You don't poop out excess. You poop out stuff you can't digest.

Pandas poop out mountains because they're carnivores who eat bamboo, so they have to eat a ton to get the nutrients they need, which means more undigestible waste, aka fiber.

Meanwhile, cats have super efficient digestive systems, so they poop very little (when eating their natural carnivore diet, that is). || Your question also assumes that digestion is 100% efficient. Which it is not.",79,1761964019.0
NoStupidQuestions,Why are trains such a popular interest in the autistic community?,Or is this topic just a stereotype inflated by the internet? ,"Autistic people love structured and predictable systems like trains - they have set tracks, times, etc. || I‚Äôm not interested in trains but I get how they can be interesting. I like systems and mechanisms. Trains are pretty straight-forward in how they work. || The real question is why isn‚Äôt everyone amazed by trains?!?!  They‚Äôre so freaking cool!  Big! Powerful! Cool noises! Neat paintings on the side! Different types of cars! What‚Äôs inside!?!? Imagining where it‚Äôs been and where it‚Äôs going! Squishing coins on the tracks! Steady predictable speed!  Did I mention the power??? You can feel it in your soul when they go by closely! || Autism tends to create hyper fixation, trains just became the stereotypical fascination.  

Not all autistic people like trains. || I'm autistic, i don't like trains. (*Maybe because i had to use an overcrowded train system for 28 years and it makes me anxious*). I fell in love with my car though. (*Not literally*).",293,1761933977.0
BaldursGate3,2000 hours and I‚Äôm still learning dumb tricks,"Apparently you can have Shadowheart cast Invoke Duplicity and then disarm the illusory copy of herself with a Battlemaster‚Äôs ‚ÄúDisarming Attack‚Äù (and I assume other things that disarm people) and duplicate Shadowheart weapon.  I had assumed that kind of stuff was patched out long ago.

I can‚Äôt think of anything this really unlocks.  It‚Äôs a little too slow to do to sell the weapons for money.  I suppose that there are few enough good Staffs that I could duplicate Meff‚Äôs First Staff of Markoeshkir.  Or duplicate some Finesse two hand weapons to get a Dex Paladin and a Dex Battlemaster going.  Or maybe give everyone a pair of Knives of the Undermountain King.

At any rate, I have two Spellsparklers now.

Thanks for your attention to this matter.",Gonna have 4 returning pikes and a full squad of barb throwers now. Ty for the trick || Thanks for sharing this is neat || On keyboard-mouse controls it's possible to just dragndrop weapon or any piece of equipment from illusory copy into your inventory with a good sleight of hand. You have like a 0.3 of a second to grab it after clicking the eye icon in character view panel. People duplicate all kinds of stuff with it. You can even have spares of some items for your summons to equip (have to be Gale-consumable items and not every summon can get it). || Not sure if can 2 knife of undermontain king can stack. Anyone care to check and verify? || Titanstringbow,519,1761957939.0
BaldursGate3,"""No artificial flavors.""üç¨ (art by me)",,"This is so cute I love || Also available in sugar-free for Evil playthroughs. || Cave bear approves || Now do a sugar free variant.

...And the aftermath after eating the whole bag. >:) || Halsin's gummy bears probably do a lot more than just hold hands",711,1761942119.0
BaldursGate3,My attempt at a Whispering Mask for Halloween tonight,Was told it was scary enough and I could not help hand out candy if I added the blood.,"**PLEASE READ THIS CAREFULLY: DO NOT SKIP**
There is **zero tolerance** for bigotry, body shaming, or misogyny. Please report any comments containing any such content. Offenders will be penalised.
If there is no actual advertisement, please do not report this post for self-promotion. Misuse of the report button is punishable by Reddit admins.

*I am a bot, and this action was performed automatically. Please [contact the moderators of this subreddit](/message/compose/?to=/r/BaldursGate3) if you have any questions or concerns.* || It looks amazing, petal || Well done! || this turned out so incredibly well done! Ethel would be proud || Nice!  Careful taking it off at the end of the night.",2649,1761915325.0
BaldursGate3,She basically walks around with the biggest fever ever.,,"Im sure the Hells have their own diseases, but it's entirely illogical that she doesnt have fire immunity. It's one thing to be adapted to hellfire or volcanos, but she is literally on fire with an overheating machine in her chest. || \+ ice resistance honestly || Tell that to Astarion, who should be immune to poison, diseases, negative energy and many, many more things. || There may be extremophiles (particularly thermophiles) but I'd have to go to Avernus with a thermometer and microscope || She should also be immune to the bleeding condition, as her wounds should cauterize.",2174,1761918126.0
BaldursGate3,Is Astarion supposed to sound super evil?,"Every time I get in a conversation with him his cadence and tone makes me think he‚Äôs about to reveal his big betrayal.

Do just all High Elves talk like this?","**PLEASE READ THIS CAREFULLY: DO NOT SKIP**

Hi, welcome to r/BaldursGate3! 

Feel free to check out our pinned Weekly Help post. It has community made resources and info you may find useful. **You can find it under the 'Hot' filter on desktop or 'Hot Posts' on Mobile**. 

*I am a bot, and this action was performed automatically. Please [contact the moderators of this subreddit](/message/compose/?to=/r/BaldursGate3) if you have any questions or concerns.* || he's a little evil. || *Let's go hurt someone!* || He is technically an ""evil"" companion. Depending on how you interact with him, he can be more evil or less, but by default, he likes it when you do ""evil"" things. || Astarion is a fop.",165,1761959820.0
BaldursGate3,New mods available for console,,"Body Type 2/4 Clothes soon??

https://preview.redd.it/somplglfaiyf1.jpeg?width=554&format=pjpg&auto=webp&s=24602cbd4fea8275fd101c9b7a3de799334bef27 || what's chocolate edition all about? || Dang. The level of work in the chocolate edition is astounding.¬† So many changes !!!¬†
Most apt/needed one that caught my eye - Shadow monk being able to see in magical darkness. This is such an obvious change I'm surprised it wasn't in the original game. Shmonk can cast darkness and can hide in jt but cant see through it? Didn't make sense and this minor change makes the class so much more playable¬† || Rugan Restored üòçü•∞ || I‚Äôm sorry that Gith preset is NOT a Gith",367,1761939141.0
BaldursGate3,Act 2 Spoiler fanart--update,"Had the wonderful opportunity to speak to Aliona and Jennifer at the beginning of the year.   
Updated this anniversary piece just for them. Can you find the addition?","Armored Corinna has joined the party?! Sorry Boo, the position of OP furry friend has already been filled. || This is incredible!!! 
So sorry but all I can think about is - this artist hates drawing feet (or just not doing it for free?) || what a beautiful piece || Eeeee the tiny armor!
Everyone looks so great - the avatar of Myrkul is as terrifying as it could be!  Wonderful work! ü§© || this is so gorgeous.",453,1761927569.0
BaldursGate3,Ascended Astarion,"So, I'm a big fan of this game, with about 700 hours in it. And there's is a constant discourse about Ascended Astarion being his good ending. I've romanced him 3 times and decided to ascend him for the first time in the run where I was romancing Wyll. 

And honestly, I was blown away by the differences - they were drastic, and now I can't imagine why some people think that's ascension is his good ending. Not only his face is twisted with a grimace beyond recognition during the ritual, but immediately after it he starts rambling about how the world will bend to his knees. Mind you, broski didn't even say a simple 'thank you' to us that we helped him defeat Cazador, his lackeys and that we were Astarion's 'eyes' so that he could complete the ritual. Even Lae'zel, who has a culture with no words of gratitude in it (which she mentions in the dialogue after you save her from Orin) takes time to express her gratitude. 

Several long rests after, a ! pops up above his head. Turns out, bro just wanted to talk about how powerful he is and how the world is too slow and can't catch up to him anymore. What was more interesting, that I've picked a dialogue option, that says something along the lines of 'so one tyrant replaces another', and Astarion straight up confirms that he's just like Cazador now, and that he's not ashamed of it. 

Sorry, if i spent your time stating the obvious, but I am still stunned after what I've seen. Like, I knew that Astarion becomes a jerk, I've just never seen to which extent.","I romanced him in my embrace Durge playthrough and I let him ascend. The ick I felt afterwards during the ""romance"" dialogue...So I took the brain for Bhaal and gave Astarion a farewell kiss *wink*. Felt so good! Ascended Astarion is a piece of sh*t. || Astarion himself thanks the player for stopping him, acknowledging that if he had gone ahead with the Rite, he‚Äôd become a bigger asshole than Cazador and 7000x more powerful. || Where did you even read/hear that Ascended is a good ending? Because it's not, and practically consensus over the community that it's a bad ending. || It‚Äôs straight up his bad ending. It‚Äôs just, he‚Äôs written like a narcissistic abuser, and just like real narcissistic abusers, it‚Äôs easy to get caught up in the idea of ‚ÄúI‚Äôm special, he‚Äôd never hurt me, he loves me‚Äù if you‚Äôre vulnerable to that kind of abuse. That‚Äôs why you‚Äôll get such zealous defenders.

I myself preferred ascended Astarion, but then I eventually had to deal with the reality that my ex was exactly that type of controlling, and that I was groomed to be submissive, use sex transactionally, and enjoy my boundaries being violated. There are some out there who are probably going through similar types of abuse and don‚Äôt want to deal with the introspection that comes with admitting AA is abusive.

Edit: There is also the fantasy of wanting to see the victim get to win and be the new one in power / control because lots of victims have power and control fantasies themselves. But again, people tend to imagine the team instead of it being Astarion on top and their character just being to him what he was to Cazador. || I let him ascend and then I noped the fuck out, reloaded, and stopped that shit. Ascended Astarion isn‚Äôt my friend",274,1761934903.0
facepalm,"Agri Secretary Brooke Rollins said, ""My message to America is your government is failing you right now, we have failed you,"" to which Mike Johnson tried to clean up by saying, ""When she says 'we have failed you,' she means 'we, the Democrats,' okay?""",,"Please remember to follow all of our rules in the sidebar. Use the report function to report any rule-breaking comments, or send a modmail.


*I am a bot, and this action was performed automatically. Please [contact the moderators of this subreddit](/message/compose/?to=/r/facepalm) if you have any questions or concerns.* || The endless partisanship and reflexive blaming of democrats for everything is fucking exhausting || ""Poverty is not red or blue, it is not a republican or democrat issue, doesn't matter who you voted for""....

""but to be clear, she totally means the Democrats, right guys??!?!""

the brass balls on that man... || The party that is not in charge did this to you! || imagine controlling congress, the senate, the presidency and the supreme court and being unable to get shit done and then blaming the other team who has zero power when things dont work, these fucks are stupid as shit",17416,1761926264.0
facepalm,This what POTUS is spending his time on,,"Please remember to follow all of our rules in the sidebar. Use the report function to report any rule-breaking comments, or send a modmail.


*I am a bot, and this action was performed automatically. Please [contact the moderators of this subreddit](/message/compose/?to=/r/facepalm) if you have any questions or concerns.* || People are literally starving, and he's gloating about bathroom marble. || >""Could be the original marble that was originally there""

What does he think they did? Put the original marble in the national archives just in case someone wanted to put it back again? He's unhinged as fuck, always has been but he is taking up a notch the past week or so. || Thank god there's nothing important going on in the world today so that the president could spend his many hours of leisure time puttering around the White House  fixing things. It's truly the best time in history to be alive when POTUS really has nothing to do all day. || it doesn't even look good...",4329,1761930690.0
facepalm,Can't Believe I Never Tried This - It Has Doctors Going Crazy,,"Please remember to follow all of our rules in the sidebar. Use the report function to report any rule-breaking comments, or send a modmail.


*I am a bot, and this action was performed automatically. Please [contact the moderators of this subreddit](/message/compose/?to=/r/facepalm) if you have any questions or concerns.* || She isn't kidding. Breath CO2 long enough and it will even cure you from life itself. || Uhh were these people refusing to wear masks during the lockdown because of perceived CO2 build up? || Doctors hate this one weird trick || Is that a Soda Stream cylinder",1426,1761949492.0
facepalm,‚ÄúGo to tiktok. See for yourself‚Äù,,"Please remember to follow all of our rules in the sidebar. Use the report function to report any rule-breaking comments, or send a modmail.


*I am a bot, and this action was performed automatically. Please [contact the moderators of this subreddit](/message/compose/?to=/r/facepalm) if you have any questions or concerns.* || The fact that she seems to think these are some new ""discoveries"" that didnt exist before TikTok is mildly hilarious.¬†


Almost makes me think this is just her letting people know that she's on TikTok¬† || Stop making stupid people famous. || ‚Äú go to tik tok‚Äù‚Äù.  

You can stop listening to anyone who says that immediately. || God, no wonder she once married Yetler.

1. There's gravity on the moon. Less does not mean none.
2. The shoes do match the prints in the photos.
3. There's no stars because of camera exposure settings. For a ""former model"" she seems to know absolutely nothing about lighting and photography.
4. **Forgot to add:** The flag appears to ""flutter"" on the Moon because astronauts moved it while planting it, causing it to ripple in the vacuum, and the horizontal rod on top kept it extended, creating the illusion of waving despite no wind.

To be fair, I get why its confusing to Kim since she's a 2-dimensional creature in every way.",18597,1761910830.0
facepalm,JPMorgan Flagged $1B in ‚ÄòSuspicious‚Äô Epstein Transactions to Trump Administration ‚Äî Including Wires to Russia: Report,,"Please remember to follow all of our rules in the sidebar. Use the report function to report any rule-breaking comments, or send a modmail.


*I am a bot, and this action was performed automatically. Please [contact the moderators of this subreddit](/message/compose/?to=/r/facepalm) if you have any questions or concerns.* || Incoming ball room donation from JPMorgan in 3... 2... || Breaking CEO of JPMorgans private jet vanishes || Imagine if we had a competent media who ran with this story. || Trump wasn't raping and beating little girls. He was raping and beating his inventory. He owned beauty contests and modeling agencies. He was vetting and providing the girls. Why do you think he only married eastern block women? He's never had an honest, carin relationship with anybody or anything. His grandfather was a flesh peddler. He is a flesh peddler. Now he is peddling the entire country to the middle east.",1491,1761942795.0
facepalm,Far right loser's cringe racist tweet,"He is an anti immigrant loser, who was an immigrant himself and whose wife is an immigrant to ireland. He's an unelected member of a fringe far right fascist party.
He is clearly a bit thick and is clearly targeting an international audience as no Irish people would say ""Irish parliament"".","Please remember to follow all of our rules in the sidebar. Use the report function to report any rule-breaking comments, or send a modmail.


*I am a bot, and this action was performed automatically. Please [contact the moderators of this subreddit](/message/compose/?to=/r/facepalm) if you have any questions or concerns.* || Hopefully it‚Äôs as toxic as he is. || Reminds me of the fugly Ronaldo statue || Insincere apology coming soon... || Ah, Halloween; the one night people dress up as their most problematic thoughts.",705,1761957158.0
facepalm,The hacked University of Pennsylvania email sent to my wife and many others this morning.,,"Please remember to follow all of our rules in the sidebar. Use the report function to report any rule-breaking comments, or send a modmail.


*I am a bot, and this action was performed automatically. Please [contact the moderators of this subreddit](/message/compose/?to=/r/facepalm) if you have any questions or concerns.* || What a waste of a hack... Get in there, and let's see Donnie's grades. You know, Daddy wrote a check to get him through. Oh, and release the Epstein files while you're at it. || warm regards ü•∞ || The irony being that rage against ""affirmative action"" is used to protect legacies lol. Bro has no idea wht he's actually mad about, he just knows he's supposed to be mad || \-Calls it woke  
\-Doesn't like legacy-hires  
\-Blames diversity  
Man discovers cognitive dissonance. More at 11.",3196,1761928213.0
facepalm,But democrat run states are hellhole?,,"Please remember to follow all of our rules in the sidebar. Use the report function to report any rule-breaking comments, or send a modmail.


*I am a bot, and this action was performed automatically. Please [contact the moderators of this subreddit](/message/compose/?to=/r/facepalm) if you have any questions or concerns.* || You're forgetting that Republicans could care less about these metrics because those in power can afford #1 whatever in their district, it's just everyone else that can't. || you forgot measles too || Blame the democrats for everything and not realize your own faults...

Thanks republicans! || Oklahoma is a third world country. Been there many times, hope to never go back",2090,1761931461.0
facepalm,"German far-right activist, white nationalist and conspiracy theorist is seeking asylum in the U.S. and being supported by a Republican congresswoman. Meanwhile, asylum seekers fleeing actual war and violence are being turned away. (Credit: Youtube - @KrassenCast)",,"Please remember to follow all of our rules in the sidebar. Use the report function to report any rule-breaking comments, or send a modmail.


*I am a bot, and this action was performed automatically. Please [contact the moderators of this subreddit](/message/compose/?to=/r/facepalm) if you have any questions or concerns.* || Of course she is being supported by a republican congresswoman. She is literally the exact look of what they want their asylum seekers to be. || So she's a ""Nationalist"" who is trying to flee her country? I think it's going to end poorly for her (and lowkey deserved). || She never says how she's being persecuted, but I imagine it's criticism. || Basically she's an anti-immigrant immigrant? What am i missing here?",625,1761954110.0
facepalm,The word of the year of a dictionary,What a world we live in.,"Please remember to follow all of our rules in the sidebar. Use the report function to report any rule-breaking comments, or send a modmail.


*I am a bot, and this action was performed automatically. Please [contact the moderators of this subreddit](/message/compose/?to=/r/facepalm) if you have any questions or concerns.* || How is 6-7 a word? || Did someone try telling them that's a fucking number || I feel like ‚Äúfascism‚Äù would have been much more appropriate || Tariffs.

Tariffs have been around forever. But before trump learned it, how often did anyone hear it?  Now you can't go 2 days without hearing people say it.",4328,1761918011.0
interestingasfuck,My friend carves the best pumpkins every year.,,"https://preview.redd.it/4gf1cqnwvjyf1.jpeg?width=4032&format=pjpg&auto=webp&s=514627ac8c7cde29dfe0a90aa6ac1add3add6b7e

I got in to pumpkin sculpting this year! Very fun and satisfying, I hope to keep at it and make something g like your friend‚Äôs next year! || Lots of AI hate going on, but I've got faith - OP, I challenge you to post a video circling it. Shut them down! || Well since everyone else is dumb and doesn't look at ur account I did, and I can confirm ops friends carves pumpkins lmao || Happy to be a part of the second wave of comments that witnessed all the AI comments get debunked!  Crazy talented || That is genuinely impressive.",3796,1761956899.0
interestingasfuck,"Big Lonely Doug, one of the largest douglas fir trees in the world. It was discovered in 2011 by a logger who prevented it from being cut down, and was rediscovered by a photographer in 2014. It now stands ""alone"" among a field of clearcut trees.",,"Spot the people || Here‚Äôs a shot I took of Doug with some people ontop of it! September 23 2023

https://preview.redd.it/wylh6xa8dkyf1.jpeg?width=1170&format=pjpg&auto=webp&s=14effb66426ee001d2799d17194c0f5b169c40d0 || Unfortunately it will likely eventually fall in a windstorm as trees group together for protection and all of its friends are gone üòû || I like the people at the bottom for scale sizing ü§ôüëå

I mean‚Ä¶it‚Äôs no banana‚Ä¶but a hoooman will suffice! || So lonely ...",2478,1761962071.0
interestingasfuck,The transition from sodium lighting to LEDs is visible from space. (Chicago 2011 vs 2024),,"https://preview.redd.it/xmvaqtv2njyf1.jpeg?width=3024&format=pjpg&auto=webp&s=c2d15c4ec6e67235e2fed700b65e7e40db038655

street i‚Äôm walking down in germany rn we still got em || Sodium job loss is sky high || No wonder I see my childhood through orange colored glasses... || Sodium? Na! || I miss this lighting man",3177,1761956472.0
interestingasfuck,"Scientists poured cement into an abandoned ant colony to reveal a vast underground city 8 meters deep, 50 m¬≤ wide, with tunnels, chambers, and ventilation. Millions of ants once built this.",,"50m¬≤ wide

A physicist died reading that || Pov, the ant that didn't want to leave:

https://preview.redd.it/4jaegxxr7hyf1.png?width=1143&format=png&auto=webp&s=14393a8e0b0c4dfd0fc2db1059d5d26ad6cfa3c2 || Where did the ants go? Why did they abandon their home?

Were they recalled to their home planet? || Pompei for ants || Fwiw this was originally a national geographic video I think and the ant colony wasn't abandoned at all.",37896,1761927919.0
interestingasfuck,After the rains,,That would be awesome to see!! || What the hell am I actually looking at? || ![gif](giphy|LxPsfUhFxwRRC) || I miss that about Hawaii.  I was in grade school and after a rain I could watch the waterfalls appear. || I had an experience like this in Gros Morne Nation Park in Newfoundland Canada. We were on a boat tour up an old Fjord and there were waterfalls absolutely everywhere pouring down from the mountains. A once in a lifetime moment.,3061,1761954762.0
interestingasfuck,"To educated the masses - ""Don't be a sucker"" by the United States Army Signal Corps (1945)",,"To those who think modern society is Fascism-proof, here‚Äôs a highly-relevant firsthand account from a German who lived through the rise of Fascism. From the book *They Thought They Were Free* by Milton Mayer:

""To live in this process is absolutely not to be able to notice it, unless one has a much greater degree of political awareness than most of us ever had occasion to develop. Each step was so small, so inconsequential, so well explained or, on occasion, ‚Äòregretted‚Äô, that, unless one were detached from the whole process from the beginning, unless one understood what the whole thing was in principle, what all these ‚Äòlittle measures‚Äô that ‚Äòno patriotic German‚Äô could resent must some day lead to, one no more saw it developing from day to day than a farmer in his field sees the corn growing. One day it is over his head.

From there, one doesn‚Äôt see exactly where or how to move. Each act, each occasion, is worse than the last, but only a little worse. You wait for the next and the next. You wait for one great shocking occasion, thinking that others, when such a shock comes, will join with you in resisting somehow. You don‚Äôt want to act, or even talk, alone; you don‚Äôt want to ‚Äògo out of your way to make trouble.‚Äô Why not? Well, you are not in the habit of doing it. And it is not just fear, fear of standing alone, that restrains you; it is also genuine uncertainty.

Uncertainty is a very important factor, and, instead of decreasing as time goes on, it grows. Outside, in the streets, in the general community, ‚Äòeveryone‚Äô is happy. One hears no protest, and certainly sees none. In your own community, you speak privately to your colleagues, some of whom certainly feel as you do; but what do they say? They say, ‚ÄòIt‚Äôs not so bad‚Äô or ‚ÄòYou‚Äôre seeing things‚Äô or ‚ÄòYou‚Äôre an alarmist.‚Äô

And you *are* an alarmist. You are saying that *this* must lead to *this*, and you can‚Äôt prove it. These are the beginnings, yes; but how do you know for sure when you don‚Äôt know the end, and how do you know, or even surmise, the end? On the one hand, your enemies, the law, the regime, the Party, intimidate you. On the other, your colleagues pooh-pooh you as pessimistic or even neurotic. You are left with your close friends, who are, naturally, people who have always thought as you have.

But the one great shocking occasion, when tens or hundreds or thousands will join with you, never comes. *That‚Äôs* the difficulty. **If the last and worst act of the whole regime had come immediately after the first and smallest, thousands, yes, millions would have been sufficiently shocked**. If, let us say, the gassing of the Jews in ‚Äô43 had come immediately after the ‚ÄòGerman Firm‚Äô stickers on the windows of non-Jewish shops in ‚Äô33. **But of course this isn‚Äôt the way it happens. In between come all the hundreds of little steps, some of them imperceptible, each of them preparing you not to be shocked by the next. Step C is not so much worse than Step B, and, if you did not make a stand at Step B, why should you at Step C? And so on to Step D.**

And one day, too late, your principles, if you were ever sensible of them, all rush in upon you. The burden of self-deception has grown too heavy, and some minor incident, in my case my little boy, hardly more than a baby, saying ‚ÄòJewish swine,‚Äô collapses it all at once, and you see that everything, everything, has changed and changed completely under your nose. The world you live in‚Äîyour nation, your people‚Äîis not the world you were born in at all. The forms are all there, all untouched, all reassuring, the houses, the shops, the jobs, the mealtimes, the visits, the concerts, the cinema, the holidays. But the spirit, which you never noticed because you made the lifelong mistake of identifying it with the forms, is changed. Now you live in a world of hate and fear, and the people who hate and fear do not even know it themselves; when everyone is transformed, no one is transformed. **Now you live in a system which rules without responsibility even to God. The system itself could not have intended this in the beginning, but in order to sustain itself it was compelled to go all the way.**‚Äù || Logic is an enemy and truth is a menace

\- Rod Serling talking about fascism || I find curious that this propaganda film doesnt want to make you angry because ""nazis are american rivals and are bad because we do not support them"", no, it tells you that fascism is harmful for the society because its full of prejudice, and its not said by the perspective of an american, but from the point of view from a hungarian immigrant that lived in the 3rd Reich Germany (well, he has the us citizenship but you understand my point). A big bunch of politicians nowadays have to learn about things that were explained as far as the 40s || Maybe this should be the type of film to show in schools. Out of all the mandatory books and movies I remember, this would be a good message to add to the list || Remember, it doesn't matter which groups the person on the stage is railing against - it's all just as dangerous. Scan your own beliefs - is there an identifiable group or type of people that you wish would just go away or you could get rid of? if so, you are ripe for being influenced by fascists of one kind or another - that is if you haven't already been indoctrinated. Based on the state of any kind of political or racial talk on Reddit, I'd say most people have been listening to the person on stage and reading that pamphlet - the content is just customized for you now. If this film were made now, you would have to include a pro-mason guy on another corner complaining about the first type of guy, and a pro-immigrant guy on another corner to appeal to the Hungarian. You have to be very careful these days to not be the guy on the left in the video.",10791,1761923464.0
interestingasfuck,"This is Archachatina marginata ovum, from West Africa.",,Gary! || He's happy to be on your hand || For a horrifying second I thought that last bracelet was legs || I noticed the shell first and thought the person had gloves on. Realised it's the body. Beauty || Can‚Äôt some carry diseases of parasites?,9937,1761923822.0
interestingasfuck,"A flight from Puerto Rico to New York, 1946",,*slaps plane* they don‚Äôt make them like this anymore || This is actually a Spirit airlines flight from last week I think. || They got better leg room than nowadays. || Looks alright || Nice lawn chairs,1893,1761949066.0
interestingasfuck,"In 1663, King Louis XIV launched a bold plan to strengthen French Quebec by sending around 800 women, known as the ‚ÄúDaughters of the King‚Äù",,"I once visited the museum in Montr√©al about the history of these girls / young women. It‚Äôs in the old building where they initially stayed for a short time before they got married.

Highly educating, very interesting 

Just a clarification because in the painting the women look rich and in fine dresses‚Ä¶ there were a few women from good families who accompanied the poor girls initially/ or they were patrons who supported the scheme but didn‚Äôt travel to the New World themselves. They collected money and looked for political and financial support.

Those poor women, they faced incredible hardships. Almost all of them weren‚Äôt from a rural background but from big cities so they had no idea about farming or fishing. Most of them didn‚Äôt even know how to cook.

Also their husbands were forced to marry them, so while I still think that it was worse for women, it wasn‚Äôt fun for the men neither. || Those must have been some seriously brave women... || Hillary Clinton. Angelina Jolie, and Madonna are supposedly among the descendants || My family is this. They were called Les filles du roix the daughters of the king. || I read the letter that started all this, it was a priest saying basically ¬´¬†over a thousand dudes are going crazy fighting for attention from the 50 or so women we have here, they‚Äôre killing each other and/or getting and spreading stds from natives, please for fucks sake, send women or we‚Äôre all gonna die¬†¬ª


Oh and those women were not prostitutes, they were volunteers that were given a lot of money and land to come here. Lot of single ladies or widows wanting to reset their lives.",34896,1761911414.0
interestingasfuck,Man shreds on guitar made of beer cans,,You should hear him shred on a guitar made out of ukuleles. || I did not expect it to sound that nice. || ![gif](giphy|hiLLD9o1wTB3a) || ![gif](giphy|ngjEPV9wBkzx6|downsized) || Stradibeerius,4053,1761932034.0
Damnthatsinteresting,Card expert explains how casinos make every shuffle look fair while staying in control,,"the guy in the video says literally nothing about casinos.  he does mention a ""casino style"" shuffle.  but he's talking about card cheats, not casinos.  terrible title. || Both my brother and my late father are/were casino dealers. They literally use a machine that shuffles 7 decks. When the machine breaks they have to hand shuffle and it takes a while || This isn't what casinos do || He said absolutely nothing about casinos¬†


Why is nearly every OP a bot or an imbecile || What kind of casinos do you go to?",1360,1761964394.0
Damnthatsinteresting,A song that survived 300 years of Slavery,,"The song and translation:

A wa ka, mu mone; kambei ya le‚Äôi; lii i lei tambee

A wa ka, mu mone; kambei ya le‚Äôi; lii i lei ka

Haa so wolingoh sia kpande wilei

Haa so wolingoh, ndohoh lii, nde kee

Haa so wolingoh sia kuhama ndee yia

Translated into English, the lyrics read:

Everyone come together, let us struggle; the grave is not yet finished; let his heart be perfectly at peace.

Everyone come together, let us struggle; the grave is not yet finished; let his heart be very much at peace.

Sudden death commands everyone‚Äôs attention like a firing gun.

Sudden death commands everyone‚Äôs attention, oh elders, oh heads of the family.

Sudden death commands everyone‚Äôs attention like a distant drumbeat. || Legit made me tear up. I studied history and this type of thing is just so amazing. I can‚Äôt imagine the pain and longing that these people have endured. || See dad!!! Ethnomusicology IS an important major!!!!

This was really cool to watch. || Smithsonian article: https://www.smithsonianmag.com/history/how-the-memory-of-a-song-reunited-two-women-separated-by-the-trans-atlantic-slave-trade-180983864/ || That's the power of oral culture through generations, especially since slaveholders and Southern society kept most slaves illiterate. This cultural resiliency is remarkable and profoundly moving.",8265,1761917749.0
Damnthatsinteresting,"A flight from Puerto Rico to New York, 1946.",,"It was all about weight savings, back in the day they needed things as light as possible.  They also had wicker chairs, like exactly what you'd see on a patio, just bolted to the floor. || Looks like more legroom than today's jets. || That looks like a screaming deal

I mean that literally, there‚Äôs no sound deadening || ‚ÄúIn the event of a water landing, please take your seat with you and sit on the nearest beach until you are rescued.‚Äù || It's why they still raise their hands and clap when a plane lands safely.",5433,1761922281.0
Damnthatsinteresting,"During Japan Mobility Show 2025, Toyota revealed the ""Walk Me,"" a concept autonomous wheelchair with foldable tentacle legs that can climb stairs and sit on the floor. The wheelchair should help people with reduced mobility to move around places where traditional wheelchairs aren‚Äôt able to reach.",,"I mean, it's gorgeous and undoubtedly expensive, but the side grips are the only grips? Most people who need this much help require belts to keep them in the seat. || Even regular wheelchairs are expensive (for reasons I'm still skeptical of).

This would be pure luxury. || It a dragoon! || I need these in our conference room. How do I convince the manager? || It‚Äôs not a wheelchair. It CLEARLY doesn‚Äôt have wheels. This is a leg chair.",2955,1761927760.0
Damnthatsinteresting,Anatomy of a Human hand compared to that in a textbook.,,"Well basicly they cut up bodies for centuries to learn anatomy

Thats how those textbook drawings got made in the first place || It‚Äôs almost as if a large part of our understanding of human anatomy comes from dudes in the 16th, 17th, and 18th centuries cutting on real people and corpses. Literally it used to be if you want to see what a human body looks like without skin find yourself a corpse and skin it. It sounds barbaric and it kind of is but it fueled medical advancements and allowed for complex surgeries because of a greater understanding of the human body. || You think they just guessed? Orrr? || Where is the top picture from though? Is it not just an ai reproduction of that exact diagram? I mainly ask because the black line in diagram above the Thenar muscles, i dont see how that is also accurately reproduced in a real hand || What do you think they used as reference to make the drawing? Why is this interesting? It's a drawing and the subject matter. 

This is dumb as hell.",1662,1761930892.0
Damnthatsinteresting,"Austrian theater actress Marie Schleinzer (1874-1949) crowned with a taxidermy bat on her equally design dress, Cabinet cards of early 1900s.",,"The lady in the third shot is so over it || The third shot is meme material || She's batshit crazy || So, you're telling me Goth baddies have been around for longer than we've been led to believe. Some top hat wearing mf was going through it, for sure. || *Don't sing if you wanna live long*
        
*They have no use for your song*",1572,1761931522.0
Damnthatsinteresting,Neapolitan street tradition of ‚Äúpizza a portafoglio‚Äù a ‚Ç¨3 ‚Äúwallet pizza‚Äù folded to eat on the go,,"I would literally kill to have this, now! || Europe is significantly cheaper than the US because private equity doesn't own everything || Where's Ben Wyatt? || That looks so good and practical. Italians really perfected the art of street food simplicity. || Cool.
Now i get to fight the thermonuclear tomato sauce thats 100% running outta that paper.",219,1761970683.0
Damnthatsinteresting,The bird using smoke and ash from fire to fumigate bugs in it's feathers.,,"Did it... Start the fire? || Does this technique work for a human with crabs? Asking for a friend‚Äôs friend. || Ive seen birds transporting wood embers to start the fire on other part of the forest, so they can easily hunt small animals. Give them a few thousands years to evolve and theses cute things will rule the world || Thanks for the music, if not for it I wouldn't have understood the gravity of the situation || Heck is up with that music?",22378,1761887637.0
Damnthatsinteresting,"Horse skeleton ""costume"" for D√≠a de muertos in Mexico",,"Horse went all out on her costume and dudes just wearing his normal clothes. The embarrassment, i tell you. || That dressage trot is already so precise and elegant on its own. Seeing it performed in that skeleton costume takes it to a whole new level of surreal and creepy. I'd be equal parts mesmerized and terrified if I saw that coming down a dark street. || I've never seen a horse do that trot. It's so uncanny I would shit my pants if I saw a horse in that costume do that in a lonely place || That horse is crip walking! -Snoop Dogg || That horse looks straight out of a **Tim Burton** movie.",42377,1761882823.0
LivestreamFail,"Hasan claims people spreading the dog abuse story are acting in bad faith and says ""white people can‚Äôt be that delusional.""",,"**CLIP MIRROR: 
 [Hasan claims people spreading the dog abuse story are acting in bad faith and says ""white people can‚Äôt be that delusional.""](https://arazu.io/t3_1ol577n/)** 
 --- 

[Join the LSF Discord!](https://discord.gg/zmXuETCdPS)

^(*This is an automated comment*) || Why does he think it's just white people? Why does he even have to mention race in this? || He misuses the word ‚Äúironic‚Äù more than Alanis Morrisette. || Hasan literally called his critics to him abusing his dog as ''zionists'' lol || That fake laugh of insecurity every god damn time fucking irks me",8949,1761942082.0
LivestreamFail,IRL streamer BinxBasilisk gets groped by a stranger in Japan while walking the streets on Halloween,,"**CLIP MIRROR: 
 [IRL streamer BinxBasilisk gets groped by a stranger in Japan while walking the streets on Halloween](https://arazu.io/t3_1ol8vrm/)** 
 --- 

[Join the LSF Discord!](https://discord.gg/zmXuETCdPS)

^(*This is an automated comment*) || Bro.... That guy needs a 30 day ban. || Welcome to Japan || Thats why Japan has a women‚Äôs only car section on the subway trains.  Its well known that Japanese men tend to not treat women well. || I don't watch livestreams a lot (and definitely not irl ones) but it's so dystopian that you get assaulted and within seconds you're thanking somebody for subscribing.",1553,1761951773.0
LivestreamFail,Jasontheween donates 20% of his subs earnings (170k) this subathon to American Cancer Society,,"**CLIP MIRROR: 
 [Jasontheween donates 20% of his subs earnings (170k) this subathon to American Cancer Society](https://arazu.io/t3_1ol4xxk/)** 
 --- 

[Join the LSF Discord!](https://discord.gg/zmXuETCdPS)

^(*This is an automated comment*) || 170k (Cancer Research), Alveus (94k), Employee Bonuses (40k), Team Rolex‚Äôs (50k), 2 Hakone giveaways (20k), other giveaways (15k). He‚Äôs probably over 400k+. || Good on him. || 170k along with 91k for alveus too. W || More streamers should put their money where their mouth is.",2059,1761941440.0
LivestreamFail,xQc reveals that every streamer he knows thinks Hasan shocked Kaya,,"**CLIP MIRROR: 
 [xQc reveals that every streamer he knows thinks Hasan shocked Kaya](https://arazu.io/t3_1okxyox/)** 
 --- 

[Join the LSF Discord!](https://discord.gg/zmXuETCdPS)

^(*This is an automated comment*) || Absolutely no one believes nick hasn't seen a clip, that creep lives on LSF || We live in a world where a streamer could literally kill someone on stream and half the people would claim that it didn't happen. || Everybody with eyes knows he did. Anybody saying he didn't is literally just in denial. Hell Taylor Lorenz his biggest defender literally said, ""don't believe your eyes."" || Not watching the clip so you don't have to face reality and can keep defending your friend. Brilliant play!!",4884,1761925246.0
LivestreamFail,"Shroud Drops the ""Hasan Item"" LOL (ARC Raiders - Twitch Clip)",,"**CLIP MIRROR: 
 [Shroud Drops the ""Hasan Item"" LOL (ARC Raiders - Twitch Clip)](https://arazu.io/t3_1ol9fg7/)** 
 --- 

[Join the LSF Discord!](https://discord.gg/zmXuETCdPS)

^(*This is an automated comment*) || Hasan is now synonymous with electrocuting stuff or shock collars in general. || Hasan even removed his dog from his stream in an effort for this to be forgotten but it keeps coming up lol || https://preview.redd.it/2tjbsz8ldjyf1.jpeg?width=1080&format=pjpg&auto=webp&s=fd7d63936ae10b06d52aef25c58e62799b86bdd6

I'm going to shock you till your nipples are smoking! -Hasan 2025 || Bro just casually dropped the H word like it was nothing.",715,1761953328.0
LivestreamFail,Asmongold: 'Being trans is fine but don't expect everyone to agree with you',,"**CLIP MIRROR: 
 [Asmongold: 'Being trans is fine but don't expect everyone to agree with you'](https://arazu.io/t3_1okw3bx/)** 
 --- 

[Join the LSF Discord!](https://discord.gg/zmXuETCdPS)

^(*This is an automated comment*) || [removed] || Have we really got to hear his opinion on everything? || correction:  
never expect everyone to agree with you.  
Life is like that tbh. on any matter. and thats fine. || [removed]",1938,1761920896.0
LivestreamFail,Grubby being brutally honest about Mizkif,,"**CLIP MIRROR: 
 [Grubby being brutally honest about Mizkif](https://arazu.io/t3_1ol2fdy/)** 
 --- 

[Join the LSF Discord!](https://discord.gg/zmXuETCdPS)

^(*This is an automated comment*) || It is misleading to post old videos like this. || I miss grubby wow stream :( || Grubby is so wholesome, keep him away from drama. || Never forget that Blizzard jeopardized this man's career not once but twice. Once by abandoning Heroes of the Storm and once with making Warcraft 3 Reforged the absolute garbage it was.",680,1761935420.0
LivestreamFail,Adin Ross dresses as a Jew for Halloween and chat tells him to play the 'victim',,"**CLIP MIRROR: 
 [Adin Ross dresses as a Jew for Halloween and chat tells him to play the 'victim'](https://arazu.io/t3_1okzfjx/)** 
 --- 

[Join the LSF Discord!](https://discord.gg/zmXuETCdPS)

^(*This is an automated comment*) || He's literally Jewish isn't he?¬†Mocking himself and dancing like a monkey for people who legit want him dead.¬†


There's¬†a word for that in Jewish society, it's called Capo. || https://preview.redd.it/sozne2idbhyf1.png?width=500&format=png&auto=webp&s=bf09028931c9f10fad9ee3c96a1837e43fc44785 || Wait till you see what his ""best friend"" Cheesur dressed up as...

https://kick.com/cheesur/clips/clip_01K8WVN9RAP52WEQVKQ9JJ64QP || When KSI was on his stream, a black man, his entire chat was full of nothing but people spamming the word 'monkey' over and over again. This dudes audience is rancid.",630,1761928572.0
LivestreamFail,Soda Says There Was No Difference in TwitchCon Security This Year Compared to Previous Years,,"**CLIP MIRROR: 
 [Soda Says There Was No Difference in TwitchCon Security This Year Compared to Previous Years](https://arazu.io/t3_1okt3n3/)** 
 --- 

[Join the LSF Discord!](https://discord.gg/zmXuETCdPS)

^(*This is an automated comment*) || People have been doing meet and greets for years and they already solved this problem. It's called a table. you have the streamer on one side of a table, and the people come talk to them with a table between them. If you want a picture, you get an awkward pose, but at least there is separation. I don't know why Twitch insists on just having them standing there like open targets. || Nick's correct to a point, but you need to expand that logic. If someone is willing to risk a lot to get close to a streamer then there is nothing you can do:

1. Have a security guard right there so the attacker knows they are going to get tackled if they do it.

2. Have a secure line with background/identity checks. So they know you will find them if they do anything.

3. RSVP so they need to think about what they are planning, and not just a nut job spur of the moment running at the streamer.

Plus a lot more I am sure a professional security company could think of. I am not sure what Nick's point was saying you can not stop them. No you can not stop someone that is willing to give up everything, but that does not mean that there is nothing Twitch can do. || I feel like everyone is missing the real issue of what happened to Emiru, she didn‚Äôt need 20 body guards, she just needed 1 who was vigilant and willing to physical intervene when the dude started making a V line to her, twitch hired non professionals to be security, these guys were not ready to step in like they should have been || Hang on.. putting shock collars on fans might actually work.",1358,1761913390.0
LivestreamFail,Agent and Emily's Cameraman is more scared than them,,"**CLIP MIRROR: 
 [Agent and Emily's Cameraman is more scared than them](https://arazu.io/t3_1olc09s/)** 
 --- 

[Join the LSF Discord!](https://discord.gg/zmXuETCdPS)

^(*This is an automated comment*) || Poor guy is fighting for his life. || Why would he give up the camera does he not know cameraman have plot armor he is giving up his immunity. || Lol this is oddly so wholesome. || emily and agent streams are always peak content",106,1761961066.0
pics,Walked in the door at my local bar and was greeted by this amazing costume.,,"Ghoulish greetings, r/pics patron! Have you heard about our spook-tacular [Halloween Photo Contest?](https://old.reddit.com/r/pics/comments/1of3z8e/enter_the_pics_halloween_photo_contest/) 

*I am a bot, and this action was performed automatically. Please [contact the moderators of this subreddit](/message/compose/?to=/r/pics) if you have any questions or concerns.* || See, that could've been anybody! || Nice try Mario mangione || He‚Äôs so getting laid || Bro has been waiting for Halloween since December last year.",46340,1761962744.0
pics,[OC] lady on our street is giving out top Ramen for Halloween,,"Ghoulish greetings, r/pics patron! Have you heard about our spook-tacular [Halloween Photo Contest?](https://old.reddit.com/r/pics/comments/1of3z8e/enter_the_pics_halloween_photo_contest/) 

*I am a bot, and this action was performed automatically. Please [contact the moderators of this subreddit](/message/compose/?to=/r/pics) if you have any questions or concerns.* || Hell yeah || AP News had a story out today that this was a trend given the government shutdown. People trying to help by giving out food instead of candy || I'm giving out Ramen, capri sun, a little pack of cookies, and a full size candy bar. We only ever get like 20 kids so we might as well reward the ones who go out of their way to trek over to our remote house with no sidewalk || My cousin lives in a lower income area in town, and because of the SNAP payment stoppage, she decided to hand out a full lunch for every kid this year. A pack of ramen, bag of pretzels, a juice box, and a full size candy bar.",39256,1761949928.0
pics,My daughter picked this. I think she pulled it off lol. Can you tell who she is,,"Steve Harvey? || She doesn't look like she's annoyed by stupid answers || Kenan Thompson as Steve Harvey

Brillant. || ![gif](giphy|5b5OU7aUekfdSAER5I) || 100 people surveyed, asking who she is, top 8 answers are on the board... lets see if you can take the round...

![gif](giphy|81Dvsqo54NOLVSQPvl)",10629,1761951047.0
pics,My yearly Halloween tradition: Carve a pumpkin so I can light it on fire for photos. [OC],,"Ghoulish greetings, r/pics patron! Have you heard about our spook-tacular [Halloween Photo Contest?](https://old.reddit.com/r/pics/comments/1of3z8e/enter_the_pics_halloween_photo_contest/) 

*I am a bot, and this action was performed automatically. Please [contact the moderators of this subreddit](/message/compose/?to=/r/pics) if you have any questions or concerns.* || The photos are really badass ü§ò || The lil' pumpkin is so scared || Fire demon in that first one || Awesome!!üéÉüéÉüéÉüéÉ",2776,1761955016.0
pics,[OC] My 2025 Halloween costume. Guess who I am.,,"Ghoulish greetings, r/pics patron! Have you heard about our spook-tacular [Halloween Photo Contest?](https://old.reddit.com/r/pics/comments/1of3z8e/enter_the_pics_halloween_photo_contest/) 

*I am a bot, and this action was performed automatically. Please [contact the moderators of this subreddit](/message/compose/?to=/r/pics) if you have any questions or concerns.* || Mark Twain || Gale Boetticher from Breaking Bad || John Hammond, from Jurassic Park. || Cornelius Hawthorne as I live and breathe.",35837,1761923104.0
pics,[OC] My son‚Äôs Calvin and Hobbes costume,,"Ghoulish greetings, r/pics patron! Have you heard about our spook-tacular [Halloween Photo Contest?](https://old.reddit.com/r/pics/comments/1of3z8e/enter_the_pics_halloween_photo_contest/) 

*I am a bot, and this action was performed automatically. Please [contact the moderators of this subreddit](/message/compose/?to=/r/pics) if you have any questions or concerns.* || Love it‚Ä¶

![gif](giphy|NCpVljfcZTKa4) || This was his costume in 2015 and is still my favorite || He's perfect!:) || I‚Äôm just glad to see Calvin and Hobbes is being passed on to the young up and comers.  He nailed that costume!",3891,1761945634.0
pics,[OC] My 2025 Halloween Costume,,"Ghoulish greetings, r/pics patron! Have you heard about our spook-tacular [Halloween Photo Contest?](https://old.reddit.com/r/pics/comments/1of3z8e/enter_the_pics_halloween_photo_contest/) 

*I am a bot, and this action was performed automatically. Please [contact the moderators of this subreddit](/message/compose/?to=/r/pics) if you have any questions or concerns.* || Did not expect to see a little Nicky costume in 2025!¬† Very nice!¬† || Good luck with the nipple rubbing! || ![gif](giphy|rB54WleXLXyfu) || ![gif](giphy|SmOsAEzy4aqty)",4422,1761940928.0
pics,[OC] Me and my 6 best friends as famous actors for Halloween.  All years 2012-2025 w/ movie answers!,,"Ghoulish greetings, r/pics patron! Have you heard about our spook-tacular [Halloween Photo Contest?](https://old.reddit.com/r/pics/comments/1of3z8e/enter_the_pics_halloween_photo_contest/) 

*I am a bot, and this action was performed automatically. Please [contact the moderators of this subreddit](/message/compose/?to=/r/pics) if you have any questions or concerns.* || You all should do the rock and dress as the same character lol || that's a great friend group || Tim Curry

Rocky Horror, Muppets Treasure Island, Clue, Home Alone 2, Legend, IT, and Three Musketeers. But if the Musketeers look too similar to Muppets, then you can do Congo.

Deep cuts- he voiced Auntie Whispers in Over the Garden Wall and Hexxus in Fern Gully.

Another edit to add: Now that I'm thinking about it, Clue would look very similar to Home Alone 2 so I'd definitely do Nigel from the Wild Thornberries. God I love that man. || ![gif](giphy|l0HlvcRyVJeO8Gmju)",11654,1761922020.0
pics,The Tesla Diner in Hollywood threw a Halloween party tonight‚Ä¶ so the protesters outside did too [OC],,"Ghoulish greetings, r/pics patron! Have you heard about our spook-tacular [Halloween Photo Contest?](https://old.reddit.com/r/pics/comments/1of3z8e/enter_the_pics_halloween_photo_contest/) 

*I am a bot, and this action was performed automatically. Please [contact the moderators of this subreddit](/message/compose/?to=/r/pics) if you have any questions or concerns.* || Is the last guy actually doing the Seig Heil? || wtf is a Tesla diner? || The programs that Elon casually bragged about slashing for USAID cost us a pittance and saved millions of lives. The sign claiming he‚Äôs responsible for that many deaths are not wrong. || Man that guy with the doge mask and a boring company branded flame thrower is quite the pic",912,1761963113.0
Palworld,And the botted the likes award goes to...,,"Sounds like the same person that said the game would be dead after a month lol || 107k likes  
674 replies

yeah, not adding up || Why do we care about a Twitter head's opinion? Those would argue against everything in their little echo chambers, there's nothing new || I understand why some may not like Palworld but its still a fun game. It needs a lot of performance fixes though and polish rather than content IMO. || No hate to the anime community because I‚Äôm a part of it ‚Ä¶ but the worst takes and rage baiting grifting cornballs on Twitter tend to have an anime pfp.",3485,1761923509.0
Palworld,I got a good screenshot with my favorite pal in the game,"I forgot to hide the HUD, but oh well","Why does my fenglope look different than yours?

https://preview.redd.it/f86o39z0pjyf1.jpeg?width=446&format=pjpg&auto=webp&s=6bef240789dc8b80f517c8bfbfdb2df5c490bf80",144,1761958096.0
Palworld,Jolthog is in for a rough night...,I don't know anything about breeding yet ,"That is one thicc boi

... and look, there's a Mammorest too! || This is what they pooped out

https://preview.redd.it/0z9uk33gfiyf1.jpeg?width=3840&format=pjpg&auto=webp&s=a1721cc4fe3c9de396d5670c088b990ab46c3db1 || Ah yes, ***Hot Skitty-on-Wailord Action*** Palworld Edition. || Jolthog is going to need a lot of electrolytes. || This is like the Wailord and Skitty incident all over again and I love Pal World for being just as ridiculous with breeding partners. üòÇ",230,1761939009.0
Palworld,Happy Halloween From @Palworld_EN,,"Yes, chillet is an angel || Wait, Gloopie has a human mouth too?!?!?

https://preview.redd.it/rmggwvb47fyf1.png?width=408&format=png&auto=webp&s=51dcba8283775e2f99b47f0e86480028d30d7935 || I love Cattiva's reaction. So adorable ‚ú® || Awe! The clown Hangyu cryst is so adorable! I wish those were costume options in game for some of them.. Like angel Chillet and clown Hangyu cryst would be funny and adorable || Okay, so for unreleased skin ideas we have: 

\* Frankenpresso

\* Jack-o-moss

\* Mummpresso 

\* Clown-yu 

\* Sweecrow

\* Angillet

https://preview.redd.it/1b3nwws3zfyf1.jpeg?width=640&format=pjpg&auto=webp&s=f339d7d2d2c8eea549ea5212dbda9f451939e248",2183,1761894251.0
Palworld,WHY!?,,"https://preview.redd.it/vgxnw1rhqgyf1.jpeg?width=500&format=pjpg&auto=webp&s=9cdf43ba795dd12c3f9b192c01ca4e09238cd954

This is so easy to understand. How could you not get it?  ü§î || You see, when a mommy Pyrin and daddy Pyrin really love each other‚Ä¶ || You get a Frog for breeding a Dragon with a Chicken and this is what you're concerned about? LMAO || https://preview.redd.it/19g7kbrthgyf1.jpeg?width=1920&format=pjpg&auto=webp&s=0c0bf9dcbb84a0985c5805e27d761dd28025c048

You have much to learn. || They should really make the breeding system make more sense. You shouldn‚Äôt need to pull up a full ass wiki and a couple of calculator sites to predict what‚Äôs coming out of an egg.",510,1761919753.0
Palworld,Gloopie has a mouth on it's face,So with the new palworld halloween animation we now know Gloopie also has a face mouth.,"It's way more likely that this is an animation mistake || Stop spreading conspiracy theories and leave gloopie and her octopussy alone. || Thanks, I hate that. Anatomically-correct octopuses are the only octopuses.

But it having multiple mouths is also pretty funny on grounds of redundancy! || This raises a lot of questions.",287,1761928282.0
Palworld,Lamball Pumpkin,"Original Artist on Instagram: iheartBatsy 

I painted my pumpkin at work to match this amazing Lamball done by iheartBatsy! Its my favorite PalWorld fanart I‚Äôve seen üòç ",,69,1761947990.0
Palworld,Palworld 1.0 - Hopes & Dreams Edition,"What are you hoping to see in the full release of Palworld 1.0?

Anything you would like to see removed, added, improved?

I'd like more, more, and MORE building options. Pretty much everything Asian Ashen One makes \*swoon\*. 

Snapping building improvements, more creative freedom, the ability to connect bases for one super mega base where all my pals can freely move between them. More ice pals. More pals with S tier movement speeds, or the ability to improve movement speeds. More ability to build in the mountains to make those heaters actually needed. More content that is completable for a solo player. More clothes for pals!! 

The list goes on and on... What are yours?","Square base area instead of circle, option to increase base range. Maybe a devise that tells you where the nearest open dungeon is for boss farming. Chainsaw and drill for gathering instead of just another tier of axe/pickaxe. More varient Chillets. || Climate (rain pls) and performance improvement, FSR implementation || QOL additions, I'd like to see the pals have more life to them even in the form of random events across the map like we see in the short videos and the paldeck entry videos.

I want to see Sibelyx sheltering Foxparks at night, Lovander chasing Leezpunk across the forest, Katress and Wixen having magic duels, a Lamball floating by on balloons etc. the village update added a lot of charm and character to the Pals but they need more. || Most of the other comments tackled some things I want, so I‚Äôll add in a new hope.

Cosmetic options.

We have the ability to change what our Armor looks like at the antique dresser, but the only options are other Armors! Give us some costumes, casual clothes, or alternate variants of Armor that are strictly cosmetic.

Fashion is the true endgame, right? || Being able to go underwater and explore underwater areas with pals that can dive. Likewise maybe some sky areas to explore as well with pals that can soar high. A mod that I use that has been the biggest QOL is infinite weight in camp. I dont care to have infinite weight always but inside my base I like just being able to move a ton of items with just one trip and not be slow",77,1761935850.0
